<?xml version="1.0" encoding="UTF-8"?>
<addon id="repository.chrisxf" name="chrisxf Repository" version="1.0.0" provider-name="chrisxf">
    <extension point="xbmc.addon.repository" name="chrisxf Repository">
        <info compressed="false">https://raw.githubusercontent.com/chrisxf/kodi-repository/master/addons.xml</info>
        <checksum>https://raw.githubusercontent.com/chrisxf/kodi-repository/master/addons.xml.md5</checksum>
        <datadir zip="true">https://raw.githubusercontent.com/chrisxf/kodi-repository/master/</datadir>
    </extension>
    <extension point="xbmc.addon.metadata">
        <summary>Home of all chrisxf Kodi addons</summary>
        <description></description>
        <platform>all</platform>
    </extension>
</addon>
